Gordon.EvolutionaryGenomics., Apr 27, Conferences
DurhamU.Conservation.Sep14-15, Apr 24, Conferences
Ecuador.HerpetologyGenomics.Jul24-28, Apr 22, Conferences
Montpellier.Galaxy.Jun26-30.OralPresentationExtended, Apr 21, Conferences
Rome.ItalianEvolSoc.Aug28-31, Apr 21, Conferences
Barcelona.GenomicEpidemiology.Sep20-22, Apr 18, Conferences
NewMexico.SnakeEvolution.Jul26-29, Apr 18, Conferences
UAlmeria_Spain.Biodiversity.Sep27-30, Apr 18, Conferences
Melbourne.AnimalBehaviour.Jul19-22, Apr 18, Conferences
KrugerNatlPark.Barcoding.Nov20-24.2, Apr 16, Conferences
UNotreDame.ArthropodGenomics.Jun7-11.RegistrationDeadline, Apr 15, Conferences
Quito_Ecuador.EvolutionaryBotany.Oct21-28, Apr 14, Conferences
Barcelona.RECOMB_CG.Oct4-6, Apr 14, Conferences
Hannover_Germany.EcoEvolutionaryDynamics, Apr 13, Conferences
Istanbul.EcolEvolBiol.Jul11-13, Apr 13, Conferences
Poland.EMPSEB23.Sep10-15.DeadlineMay15, Apr 11, Conferences
UNotreDame.ArthropodGenomics.Jun7-11.DeadlineApr14, Apr 08, Conferences
KewGardens.PlantEvolution.May25-26, Apr 07, Conferences
Montpellier.EvolBiol2018.Aug19-22.CallProposals, Apr 07, Conferences
Groningen.EvolutionMedicine.Aug18-21.EarlyRegDeadineApr15, Apr 06, Conferences
KrugerNatlPark.BarcodeOfLife.Nov20-24, Apr 06, Conferences
Groningen.ESEB.Aug20-25.FundingForStudentsPostdocs, Apr 05, Conferences
UEssex.GenomicsEpigeneticsAndGeneRegulation.Sep14, Apr 05, Conferences
Norwich.Genome10K.Aug29-Sep1, Apr 04, Conferences
UOklahoma.PoeciliidEvolution.May24-26.Deadline, Apr 01, Conferences
Scotland.BioinformaticsUsingLinux.Oct16-20, Apr 28, WorkshopsCourses
CatalinaIsland.Genomics.Aug11-23, Apr 27, WorkshopsCourses
Berlin.GWAS.Oct23-27, Apr 26, WorkshopsCourses
Glasgow.Bioinformatics.Jul3-7, Apr 25, WorkshopsCourses
MDIBL_Maine.EnvironmentalGenomics.Jul8-15, Apr 20, WorkshopsCourses
Greece.ConservationBiology.Jun26-Jul7, Apr 20, WorkshopsCourses
Donostia-SanSebastian_Spain.AnimalGenomics.Jul28-30, Apr 14, WorkshopsCourses
Edinburgh.GATK.Jul17-19, Apr 13, WorkshopsCourses
Berlin.HighThroughputBiol.May29-June2.deadline, Apr 12, WorkshopsCourses
SCENE_Scotland.RDataManagement.May15-19.PartialScholarships, Apr 12, WorkshopsCourses
Barcelona.HumanAdaptation.Jul17-18, Apr 08, WorkshopsCourses
Glasgow.ViralBioinformaticsGenomics.Aug7-11, Apr 07, WorkshopsCourses
NIMBioS_UTennessee.BayesianInferencePhylogeny.Aug7-11, Apr 07, WorkshopsCourses
Goettingen.MolGenetForZoologists.Aug14-18, Apr 06, WorkshopsCourses
WoodsHole.MolecularEvolution.Jul20-30.DeadlineApr7, Apr 06, WorkshopsCourses
Verbania_Italy.MetagenomeAnalysis.Jun12-16, Apr 05, WorkshopsCourses
Barcelona.MacroevolutionPhylogenies.Oct16-20, Apr 05, WorkshopsCourses
UFlorida.PostGIS_Movement_Ecology.May8-12, Apr 04, WorkshopsCourses
Roscoff.MarineEvolutionaryGenomics.Jun5-16, Apr 02, WorkshopsCourses
Patagonia.LocalAdaptation.Jan29-Feb2, Apr 01, WorkshopsCourses
