Karkow.EvolutionaryMyrmecology.Apr21-24, Dec 29, Conferences
Groningen.ESEB_EcoEvoDynamics.Aug20-25, Dec 28, Conferences
Marseilles.21stEvolutionaryBiology.Sep26-29.Info, Dec 22, Conferences
Groningen.ESEB_GenomicsOfAdaptation.Aug20-25, Dec 22, Conferences
Groningen.ESEB_FitnessLandscapesPredictingEvolution.Aug20-25, Dec 21, Conferences
Italy.Speciation.Feb19-24, Dec 20, Conferences
Groningen.ESEB_FitnessInSocialEnvironments.Aug20-25, Dec 20, Conferences
Groningen.EvolutionMedicineSociety.Aug18-21, Dec 19, Conferences
Groningen.ESEB_PhyloInferenceGenomicEra.Aug20-25, Dec 18, Conferences
Portugal.AlCoB.Jun5-7, Dec 17, Conferences
Groningen.ESEB_MutualismParasitism.Aug20-25, Dec 17, Conferences
Groningen.ESEB_SpatialEvolution.Aug20-25, Dec 17, Conferences
Blossin.InsectImmunity.Aug28-Sep1, Dec 16, Conferences
BatonRougeLA.SocietyOfSystematicBiologists.Jan7-10, Dec 15, Conferences
AsconaSwitzerland.PopGenomicsFungalPathogens.May7-11.AbstReminder, Dec 14, Conferences
LundU.SwedishOikos2017.Feb7-9.AbstractsFinalReminder, Dec 11, Conferences
Groningen.ESEB_RecombRateVariation.Aug20-25, Dec 11, Conferences
Groningen.ESEB_CoevolAntagonisticEcoInteractions.Aug20-25, Dec 11, Conferences
Edinburgh.WildlifeForensics.Jun5-9, Dec 11, Conferences
Groningen.ESEB.Recombination.Aug20-25, Dec 09, Conferences
Groningen.ESEB_ExptEvolution.Aug20-25, Dec 09, Conferences
Groningen.ESEB_RapidEvol.Aug20-25, Dec 08, Conferences
Groningen.ESEB.ParasiteEvolution.Aug20-25, Dec 08, Conferences
Groningen.ESEB_CoevolutionHostsMicrobiome.Aug20-25, Dec 08, Conferences
Groningen.ESEB_EvolutionaryNetworks.Aug20-25, Dec 07, Conferences
Groningen.ESEB_GeneExpressionEvolution.Aug20-25, Dec 07, Conferences
Groningen.ESEB.NonGeneticInheritance.Aug20-25, Dec 07, Conferences
UMichigan.PhenotypicPlasticity.Mar10-12, Dec 07, Conferences
Mexico.CavefishAdaptation.Mar12-15, Dec 06, Conferences
UCalifornia_SanDiego.ExperimentalEvolution.Jan5-6, Dec 06, Conferences
Groningen.ESEB_BiologicalClocks.Aug20-25, Dec 06, Conferences
Vienna.EvolutionaryEpigenetics.Sep12-15, Dec 06, Conferences
Edinburgh.ProtistEvolution.Apr3-Apr6, Dec 06, Conferences
Austin_Texas.SMBE_AbstractsOpen.Jul2-6, Dec 06, Conferences
PorquerollesIsle_France.MathEvolBiol.Jun12-16, Dec 04, Conferences
LundU.SwedishOikos2017.Feb7-9.AbstractSubmission, Dec 04, Conferences
Venice.EvoDevo.Sep18-21, Dec 23, WorkshopsCourses
Naples.EMBOPopulationGenomics.May18-26, Dec 22, WorkshopsCourses
LiveVideo.NatSelectionGenomicData.Dec16-18, Dec 16, WorkshopsCourses
MaxPlanckInst_EvolBio.OnePastHealth.DeadlineDec21, Dec 16, WorkshopsCourses
Berlin.ScientificWriting.Mar28-29.2, Dec 16, WorkshopsCourses
Portugal.EvolBiol.Jan-Feb, Dec 15, WorkshopsCourses
Guarda_Switzerland.Evolution.Jun17-24, Dec 14, WorkshopsCourses
Switzerland.EvolBiol.Jun17-23, Dec 11, WorkshopsCourses
ColoradoStateU.GenomicsOfDiseaseInWildlife.Jun3-7, Dec 11, WorkshopsCourses
Berlin.RNA-seqAnalysis.Jun12-16, Dec 07, WorkshopsCourses
Barcelona.IntroPhylogenetics.Jun26-30, Dec 04, WorkshopsCourses
NGSTraining, Dec 02, WorkshopsCourses
MNHN_Paris.DNABarcodesTaxonomy.Mar13-17, Dec 01, WorkshopsCourses
Glasgow.Bioinformatics.Jul3-7, Dec 01, WorkshopsCourses
ErasmusMundus_Program.EvolutionaryBiology, Dec 01, WorkshopsCourses
