Medellin_Colombia.EvoDevo.Oct9-13, Aug 27, Conferences
Marseilles.EvolutionaryBiol.Sep26-29.CallForPosters, Aug 23, Conferences
SaoPaulo.MarineInvertEvoDevo.Dec3-16, Aug 22, Conferences
Bolivia.ConservationGenetics.Jan14-28, Aug 18, Conferences
Ventura_California.PredatorPrey.Jan28-Feb2, Aug 17, Conferences
ASABLondonZoo.SexualSelection.Dec7-8, Aug 17, Conferences
UCostaRica.PolychaeteEvolution.Jul17-19, Aug 16, Conferences
Oxford.WildlifeConservation.Sep25-27, Aug 09, Conferences
NHM_London.YoungSystematists.Dec1, Aug 07, Conferences
HinxtonUK.HumanEvolution.Nov20-22, Aug 06, Conferences
Vienna.ConservationGenetics.Feb, Aug 03, Conferences
Pittsburgh.Evolution.Sep9.TravelAwardsAbstractDeadline, Aug 02, Conferences
Asilomar.AmNaturalist.Jan5-9, Aug 01, Conferences
SICB_SanFrancisco.PositiveSelectionPolarOrganisms.Jan3, Aug 31, WorkshopsCourses
cE3c_Portugal.EvolutionaryBiol.Oct-Nov, Aug 31, WorkshopsCourses
UK.ModellingEvolution.Oct23-27.Scholarships, Aug 31, WorkshopsCourses
Berlin.GWASusingR.Oct23-27, Aug 31, WorkshopsCourses
Berlin.PythonForBiologists.Oct2-6.deadline, Aug 21, WorkshopsCourses
UHuddersfield.ComputingSkills.Sep13-15.2, Aug 19, WorkshopsCourses
UK.PopulationGeneticsUsingR.Oct23-27.Scholarships, Aug 18, WorkshopsCourses
Groningen.ESEBFundingPolicies.Aug24, Aug 15, WorkshopsCourses
Crete.ComputationalMolEvol.May6-17, Aug 12, WorkshopsCourses
Groningen.ESEB2017.Aug20-25.DrosophilaPopulationGenomics, Aug 10, WorkshopsCourses
Tokyo.EvolutionLife.Jan22-Feb2, Aug 10, WorkshopsCourses
Berlin.StatisticsForBiologistsUsingR.Sep18-22.2, Aug 08, WorkshopsCourses
Berlin.StatisticsForBiologistsUsingR.Sep18-22, Aug 08, WorkshopsCourses
Heraklion_Crete.MetagenomicsBarcoding.Mar19-23, Aug 08, WorkshopsCourses
Berlin.PythonForBiologists.Oct2-6, Aug 02, WorkshopsCourses
UK.DataScienceForPopulationGenetics.Oct23-27, Aug 01, WorkshopsCourses
CzechRepublic.PopulationSpeciationGeomics.Jan21-Feb3, Aug 01, WorkshopsCourses
UHuddersfield.ComputingSkills.Sep13-15, Aug 01, WorkshopsCourses
CzechRepublic.WorkshoponGenomics.Jan7-20, Aug 01, WorkshopsCourses
