Philadelphia.Sept16-17.MolecularEvolution, Jul 28, Conferences
DurhamU.DiversityConservation.Sep14-15.2, Jul 27, Conferences
Marseilles.21stEvolBiol.Sep26-29.program, Jul 26, Conferences
WoodsHoleMA.MobileDNA.Aug31-Sept2, Jul 21, Conferences
UdoAlgarve.UmaPonteEntreMares.Jan24-26, Jul 20, Conferences
UPittsburgh.Evolution.Sep9.TravelAwards, Jul 19, Conferences
Seattle.PaleoMacroevolution.Oct22-25, Jul 18, Conferences
Waimea_Hawaii.AdaptiveRadiation.Jul22-25.2018, Jul 15, Conferences
TempleU.EvolutionaryBiol.Dec16-17, Jul 14, Conferences
Aarhus.EvolutionOfFear.Dec4-5, Jul 07, Conferences
ZooSociety_London.AvianEvolution.Sep14-15, Jul 07, Conferences
Trondheim.HoleNestingBirds.Oct30-Nov2, Jul 05, Conferences
Marseilles.21stEvolutionaryBiol.Sep26-29.Program, Jul 05, Conferences
Entebbe_Uganda.SpeciationInAncientLakes.Jul29-Aug3, Jul 05, Conferences
UPittsburgh.Evolution.Sep9.AbstractDeadlineJul14, Jul 05, Conferences
Berlin.GenomeAssemblyAnnotation.Feb12-16, Jul 28, WorkshopsCourses
Vienna.ExperimentalEvolution.Nov6-10.2, Jul 26, WorkshopsCourses
Berlin.GenomicVisualizationsInR.Sep11-15.deadline, Jul 25, WorkshopsCourses
Lausanne.Statistical_Genetics.Sep4-15, Jul 24, WorkshopsCourses
Berlin.BioinformaticsWithRBioconductor.Jan22-26, Jul 21, WorkshopsCourses
Scotland.PhylogenticDataAnalysis.Paradis.Jan28-Feb2, Jul 20, WorkshopsCourses
UCollege_London.GWAS_DataAnalysis.Sep5, Jul 20, WorkshopsCourses
Berlin.StatisticsForBiologistsUsingR.Sep18-23.2, Jul 17, WorkshopsCourses
Ghent.FunctionalPlantBioinformatics.Sep14-15, Jul 14, WorkshopsCourses
MountainLake.GrantWriting.Jul24-29, Jul 12, WorkshopsCourses
Lausanne.StatisticalGenetics.Sep4-15, Jul 11, WorkshopsCourses
Trento_Italy.MachineLearningForBiologists.Sep4-7, Jul 11, WorkshopsCourses
Berlin.IntroAdvancedPython.Oct-Nov, Jul 11, WorkshopsCourses
PuertoIguazu_Argentina.GenomicsBioinformatics.Aug6-8, Jul 08, WorkshopsCourses
UEdinburgh.IntroductionPython.Sep11-15, Jul 07, WorkshopsCourses
Berlin.SingleCellRNAseq.Feb5-8, Jul 05, WorkshopsCourses
UK.ModellingForEvolutionaryBiol.Oct23-27, Jul 05, WorkshopsCourses
