Marseilles.EBM21.Sep26-29, Mar 31, Conferences
UFlorida.GeneralScience.May20, Mar 31, Conferences
Groningen.ESEB.Aug20-25.Earlybird, Mar 30, Conferences
London.BESMacro.July5-7, Mar 29, Conferences
UCalgary.EvoDevo.Aug19-23, Mar 29, Conferences
QueensU.OE3C-17.May18-20.RegistrationClosesApr14, Mar 29, Conferences
UNotreDame.ArthropodGenomics.Jun7-11.Registration, Mar 26, Conferences
Yosemite.Symbiosis.May5-7.SpacesOpen, Mar 25, Conferences
ChicagoFieldMuseum.PlantEvolution.Apr8, Mar 25, Conferences
Chize_France.EcologyBehaviour.Jun19-23.DeadlineExt, Mar 23, Conferences
UEssex.GenomicsEpigeneticsGeneRegulation.Sep14, Mar 23, Conferences
HalleSaale.PlantEvolution.May18-20, Mar 22, Conferences
Barcelona.CrustaceaGenomics.Jun19-22, Mar 21, Conferences
Aarhus_Denmark.Probgen17.Sep18-20, Mar 17, Conferences
NewHampshire.MicrobialPopBiol.Jul9-14, Mar 17, Conferences
Bangalore.StudentConservationScience.Sep21-24, Mar 16, Conferences
LosAngeles.MolluscAdaptation.Jun20-22, Mar 16, Conferences
Portland_Oregon.MimulusCommunity.Jun23, Mar 15, Conferences
Winnipeg.EcomorphologyDiversity.May15-19, Mar 11, Conferences
Montpellier.GalaxyCommunity.Jun26-30, Mar 09, Conferences
Roscoff.HostParasiteInteractions.Oct30-Nov3, Mar 09, Conferences
Calgary.EvoDevo.Aug19-23, Mar 08, Conferences
Copenhagen.RubiaceaeConference.Sep11-14, Mar 07, Conferences
Blossin.InsectEvolutionaryImmunity.Aug28-Sep1.Extension, Mar 07, Conferences
Yosemite.Symbiosis.May5-7.EarlyRegistrationDue, Mar 06, Conferences
Zurich.PolygenicAdaptation.Aug28-Sep1, Mar 04, Conferences
Asilomar.ASN.Jan5-9.SympCall, Mar 04, Conferences
Seattle.GSA_Macroevolution.Oct22-25, Mar 03, Conferences
Asilomar_California.AmerSocNat.Jan5-9.RequestProposals, Mar 03, Conferences
Edinburgh.ComplexTraitGenetics.Mar17, Mar 02, Conferences
UNotreDame.ArthropodGenomics.Jun6-11, Mar 02, Conferences
Naples.BringingMathsToLife.Jun7-9, Mar 31, WorkshopsCourses
UPadova.ProteinInteractions.Apr10-13, Mar 30, WorkshopsCourses
Wales.ModellingUsingR.Apr24-28.PartialScholarships, Mar 30, WorkshopsCourses
Arolla_Switzerland.EvoDevo.Jul18-21, Mar 29, WorkshopsCourses
ULeicester.2.DNAseqRNAseqAnalysis.May, Mar 29, WorkshopsCourses
Berlin.AdvancedPython.Nov13-17, Mar 28, WorkshopsCourses
Berlin.EvolutionInCognition.Jul15-19, Mar 27, WorkshopsCourses
UK.GeneticDataAnalysisUsingR.ThibautJombart.Oct23-27, Mar 24, WorkshopsCourses
Siegen_Germany.FishSim.AnimationToolchain.Oct20-22, Mar 22, WorkshopsCourses
Toulouse.EvolutionEconomics.Jun1-2, Mar 22, WorkshopsCourses
Seattle.StatisticalGenetics.Jul10-28.AFewScholarshipsRemain, Mar 22, WorkshopsCourses
HinxtonUK.GeneticAnalysis.Jul19-25, Mar 22, WorkshopsCourses
Berlin.PythonForBiologists.Oct2-6, Mar 21, WorkshopsCourses
ULeicester.2.NGSanalysis.May, Mar 18, WorkshopsCourses
Leipzig.ModellingBiodiversity.Sep3-15, Mar 18, WorkshopsCourses
MichiganStateU.EvolutionaryModeling.Jul23-28, Mar 16, WorkshopsCourses
NewOrleans.ArbovirusEvolution.May30-31, Mar 15, WorkshopsCourses
CatalinaIsland.GenomicsWorkshops.Aug11-23, Mar 14, WorkshopsCourses
Berlin.GenomicDatavizWithR.Sep11-15, Mar 13, WorkshopsCourses
OregonStateU.Macroevolution.June22-23, Mar 12, WorkshopsCourses
Canada_ColdSpringHarb.Bioinformatics.Summer2017, Mar 11, WorkshopsCourses
UK.MetaAnalysisInEcologyAndEvolution.Jul24-28, Mar 08, WorkshopsCourses
WoodsHole.MolecularEvolution.Jul20-30, Mar 07, WorkshopsCourses
Berlin.DataAnalysisInHighThroughputBiology.May29-Jun2.2, Mar 07, WorkshopsCourses
Zurich.PolygenicAdaptationCourse.Aug28-Sep1, Mar 04, WorkshopsCourses
Portugal.3.cE3c, Mar 03, WorkshopsCourses
SwissAlps.Sexual_Selection.Aug28-31, Mar 03, WorkshopsCourses
