Freising_Germany.PlantSelection, Oct 31, Conferences
Calgary.EvoDevo.Aug19-23, Oct 31, Conferences
SanDiego.PlantAnimalGenomics.Jan14-18.AbstDueOct28, Oct 26, Conferences
MNHN_Paris.YoungNatHistory.Feb7-11.AbstSubmission, Oct 26, Conferences
Porto_Portugal.EvoKE.Feb5-8, Oct 25, Conferences
NHM_London.YoungSystematists.Nov25.AbstDueOct28, Oct 25, Conferences
Basel.MacrostomumEvolution.Nov25-27, Oct 21, Conferences
Berlin.EvolutionAndMedicineSymposium.Nov10, Oct 19, Conferences
Marseilles.EBM21.Sep26-29.EarlyRegistrations, Oct 18, Conferences
Madison_Florida.SEPEEG.Oct21-23.RegistrationCloses, Oct 15, Conferences
Lund.SexEvolution.Mar9-10, Oct 15, Conferences
Barcelona.PhysicsOfEvolution.Jan15-18, Oct 14, Conferences
WashingtonDC-SI.BiodiversityGenomics.Feb21-23, Oct 10, Conferences
SanDiego.Genomics.Jan14-18, Oct 08, Conferences
MaxPlanckInst_Ploen.GeneticsMigration.Apr4-7, Oct 05, Conferences
Paris.HumanPopulationGenetics.Dec7-10, Oct 05, Conferences
Brussels.Biodiversity.Feb6-10, Oct 03, Conferences
Madison_Florida.SEPEEG.Oct21-23, Oct 01, Conferences
Naples.PhylogeneticsComparativeMethods.Dec5-7, Oct 31, WorkshopsCourses
Herrsching_Germany.SelectionTheory.Mar25-Apr1, Oct 31, WorkshopsCourses
Berlin.ScientificWriting.Mar28-29, Oct 28, WorkshopsCourses
ThunderBay_Canada.PracticalDNATrainingProgram.2017, Oct 28, WorkshopsCourses
Portugal.Evolution.Nov-Dec, Oct 27, WorkshopsCourses
Barcelona.MorphometricsInR.Jan23-27, Oct 25, WorkshopsCourses
Weggis_Switzerland.CoevolutionaryInteractions.Jan8-13, Oct 20, WorkshopsCourses
Weggis_Switzerland.AdaptationBioinformatics.Feb5-11, Oct 18, WorkshopsCourses
Portugal.ThermalAdaptation.Nov30-Dec2, Oct 15, WorkshopsCourses
Berlin.16Smetabarcoding.Apr3-7, Oct 15, WorkshopsCourses
Scotland.PhylogeneticswithR.Oct31-Nov4, Oct 13, WorkshopsCourses
UManchester.MorphometricsOnlineCourse.Nov7-Dec16, Oct 13, WorkshopsCourses
Barcelona.MappingTraitEvolution.Jun5-9, Oct 12, WorkshopsCourses
Portugal.Evolution.Nov21-Dec16.Deadline, Oct 08, WorkshopsCourses
SanDiego.PAG-PopulationConservationGenomics.Jan14-18, Oct 07, WorkshopsCourses
CostaRica.Ferns.Jan6-22, Oct 05, WorkshopsCourses
Berlin.Bioinformatics.Dec5-9, Oct 03, WorkshopsCourses
