Smithsonian.Conservation.Apr21-23, Feb 28, Conferences
London.WildlifeConservation.Mar14, Feb 28, Conferences
Tampa_Florida.FishConservation.Aug20-24, Feb 27, Conferences
Peterborough_Canada.WildlifeConservation.May1-4, Feb 27, Conferences
Porquerolles_France.MathCompEvolBiol.Jun12-16, Feb 26, Conferences
MountainLakeBioStn.WaltonLecture, Feb 25, Conferences
Harpenden_UK.InsectGenomics.May16.Registration, Feb 24, Conferences
JohnInnesCentre_UK.PlantEvolution.Jul24-26, Feb 24, Conferences
IowaStateU.AGA_EvolQuantGenet.Jun1-3, Feb 22, Conferences
Philadelphia.EPiC_Evolution.Apr15, Feb 21, Conferences
Moscow.InvertebrateEvol.Aug18-23, Feb 21, Conferences
Portland_Oregon.JoeFelsenstein.Jun22, Feb 18, Conferences
Portland_OR.Evolution2017.Jun23-27, Feb 17, Conferences
Idaho_Moscow.AmericanSocMammalogists.Jun20-24, Feb 16, Conferences
QueensU.OntEcolEvol.May18-20, Feb 14, Conferences
FortWorth_Texas.EvolutionPlants.Jun24-28.TravelAwards, Feb 11, Conferences
Groningen.EvolutionMedicine.Aug18-21.AbstractsDueFeb15, Feb 10, Conferences
Portland.SSE_GeneticTransmission.Jun23-27, Feb 10, Conferences
Toulouse.EvolutionFamily.Jun1-2, Feb 10, Conferences
Gothenburg.SEB_PalaeogenomicAncientDNA.Jul3-6, Feb 09, Conferences
Austin.SMBE.Jul2-6.UndergradTravelMentorAwards, Feb 08, Conferences
WashingtonDC.BioGenomics.Feb21.FirstDayRegist, Feb 04, Conferences
Smithsonian_BGI.BioGenomics.Feb21, Feb 04, Conferences
Austin.SMBE.Jul2-6.AbstractsExtFeb15, Feb 03, Conferences
Honolulu.HistoryOfPacificMarineLife.May23-25.Deadline, Feb 03, Conferences
Lyon.AI_EvolutionaryDynamics.Sep4-8, Feb 02, Conferences
Boston.PlantStructureFunction.Jul30-Aug12, Feb 28, WorkshopsCourses
Berlin.Metabarcoding.Apr3-7.3, Feb 28, WorkshopsCourses
Roscoff.EcolEvolutionaryGenomics.Jun5-16, Feb 28, WorkshopsCourses
AuburnU.BioinformaticsBootcamp.Jun5-9, Feb 23, WorkshopsCourses
WoodsHole.MolecularEvolution.Jul20-30, Feb 21, WorkshopsCourses
Berlin.DatavizWithPython.Mar13-17.Deadline, Feb 18, WorkshopsCourses
UK.AdvancingInRforEvolutionaryBiol.Apr24-28, Feb 15, WorkshopsCourses
UK.RADseqStacks.May22-26, Feb 15, WorkshopsCourses
Blossin.InsectEvolutionaryImmunity.Aug28-Sep1, Feb 14, WorkshopsCourses
FreeOnline.Biodiversity.Feb27, Feb 14, WorkshopsCourses
Portugal.PopulationGenetics.Mar13-17, Feb 13, WorkshopsCourses
Switzerland.EvolBiol.Jun17-23, Feb 13, WorkshopsCourses
Hungary.EvolSexRoles.Apr6-9.RegistrationClosesThisWeek, Feb 13, WorkshopsCourses
Mariensee_Germany.SNP_DataManagement.Apr4-6, Feb 11, WorkshopsCourses
UBirmingham.EnvironmentalGenomics.Mar5-10, Feb 10, WorkshopsCourses
UFlorida.Movement.May8-12, Feb 08, WorkshopsCourses
UAlgarve_Portugal.FishPopGenomics.May8-10, Feb 08, WorkshopsCourses
Glasgow.ViralBioinformaticsAndGenomics.Aug7-11, Feb 08, WorkshopsCourses
UK.ShinyAppsForEvolutionaryBiol.May15-19, Feb 08, WorkshopsCourses
Berlin.TrinityRNAseq.Jun12-16, Feb 07, WorkshopsCourses
Cordoba_Argentina.PhylogeneticComparative.Aug1-4, Feb 06, WorkshopsCourses
Porto_Portugal.Metabarcoding.May1-5, Feb 03, WorkshopsCourses
SwissAlps.SexualSelection.Aug28-31, Feb 03, WorkshopsCourses
Berlin.RStatsForBiologists.Sep18-23, Feb 03, WorkshopsCourses
UK.BioinformaticsUsingLinux.Oct16-20, Feb 02, WorkshopsCourses
Berlin.Evolution_In_Cognition.July15-19, Feb 02, WorkshopsCourses
Curacao.RCourse.Jul17-21, Feb 01, WorkshopsCourses
