Toronto.Barrettfest.August10-12, Sep 29, Conferences
Shenzhen.Evolution.Apr18-20.CallForAbstracts, Sep 28, Conferences
WashingtonDC.CrustaceanEvolution.May22-25, Sep 28, Conferences
NHNM_London.YoungSystematists.Dec1, Sep 28, Conferences
ASAB_LondonZoo.SexualSelection.Dec7-8, Sep 26, Conferences
WashingtonDC.CrustaceanAdaptations.May22-25, Sep 26, Conferences
Salzburg_Austria.Conservation.Nov2-3, Sep 23, Conferences
Marseilles.22ndEvolutionaryBiol.Sep25-28, Sep 21, Conferences
Assam_India.BacterialEvolution.Dec14-16, Sep 20, Conferences
Lisbon.MathBiol.Jul23-27, Sep 16, Conferences
ULisbon.HumanEvolution.Dec13-14, Sep 14, Conferences
Trondheim.HoleNestingBirds.Oct30-Nov2.DeadlineSep25, Sep 13, Conferences
Bangalore_India.ButterflyEvolution.Jul11-15, Sep 13, Conferences
UGothenburg_Sweden.MarineEvolution.May15-18, Sep 07, Conferences
SanDiego.AvianGenomicsPAG.January2018, Sep 07, Conferences
UNorthCarolina_ChapelHill.SEPEEG.Oct20-22, Sep 06, Conferences
Torun_Poland.EvoLang.Apr16-19.ExtDeadline, Sep 06, Conferences
Waimea_Hawaii.AdaptiveRadiation.Jul22-25, Sep 01, Conferences
Harvard.YoungInvestigator.Oct11, Sep 01, Conferences
Berlin.PopulationGenomics.May14-18, Sep 29, WorkshopsCourses
UK.BioinformaticsUsingLinux.Oct16-20.reduced, Sep 29, WorkshopsCourses
Norway.AdaptationsToSeasonality.May22-Jun25, Sep 27, WorkshopsCourses
DukeU.Phenoscape.Dec11-14, Sep 27, WorkshopsCourses
Leicester.DNAseq.Nov20-21, Sep 26, WorkshopsCourses
Leicester.ExomeSeq.Dec04-05, Sep 26, WorkshopsCourses
Berlin.GeometricMorphometrics.Mar5-9, Sep 26, WorkshopsCourses
CEREEP_France.LinearModelsForEvolutionaryEcol.Nov20-24, Sep 20, WorkshopsCourses
UK.GeometricMorphometricsUsingR.Feb19-23, Sep 20, WorkshopsCourses
Berlin.GWASusingR.Oct23-27, Sep 13, WorkshopsCourses
UK.LandscapeGenomics.Nov6-10.Scholarships, Sep 12, WorkshopsCourses
Berlin.AdvancedPythonForBiologists.Nov13-17, Sep 08, WorkshopsCourses
UK.BioinformaticsUsingLinux.Oct16-20, Sep 08, WorkshopsCourses
Leicester.RNAseq.Oct16-17, Sep 08, WorkshopsCourses
UGothenburg_Sweden.MetagenomicBioinformatics.Nov6-10, Sep 07, WorkshopsCourses
SanDiego.CamelidGenomics.Jan13-17, Sep 07, WorkshopsCourses
Barcelona.PhenotypeGenotype.Jan23-26, Sep 06, WorkshopsCourses
Berlin.LandscapeGenomics.Nov6-10, Sep 05, WorkshopsCourses
