Hannover_Germany.EcoEvoDynamcis.Oct9-13, Nov 30, Conferences
Harpenden_UK.InsectGenomics.May16, Nov 26, Conferences
Melbourne.GalaxyAustralasia.Feb3-9, Nov 24, Conferences
Chicago.GLBIO_PhylogeographyViruses.May15-17, Nov 24, Conferences
Lisbon.InvasivePlants.Sep4-8, Nov 23, Conferences
Groningen.ESEB_InversionSymposium.Aug2017, Nov 23, Conferences
MaxPlanckInst_Plon.GeneticsOfMigration.Apr4-7, Nov 22, Conferences
MaxPlanckInst_Ploen.EvolutionaryBiol.Apr19-21, Nov 22, Conferences
Groningen.ESEB_TransitionsInEvolution.Aug20-25, Nov 21, Conferences
ESEB_FitnessLandscapes.Aug20-25, Nov 19, Conferences
Groningen_ESEB.IntegratingMicroMacroEvolutionSymp.Aug2017, Nov 18, Conferences
StowersInst_KansasCity.EvolutionGeneRegulation.Jul13-16, Nov 18, Conferences
Groningen.ESEB2017.CallForAbstracts, Nov 16, Conferences
UOklahoma.EvolutionPoeciliidFish.May24-26, Nov 15, Conferences
UUtah.Species.Mar23-25, Nov 13, Conferences
WashingtonDC.Biogenomics.Feb21-23, Nov 13, Conferences
Paris.BiologyofSymbiosis.Mar15-17, Nov 11, Conferences
:BatonRougeLA.SocietyOfSystematicBiologists.Jan7-10, Nov 09, Conferences
Norman.LiveBearingFish.May24-26, Nov 07, Conferences
Cambridge.PopGenet.Jan4-7, Nov 05, Conferences
LundU.SwedishOikos2017.Feb7-9.RegistrationOpen, Nov 05, Conferences
Aveiro.ComputationalBiol.Jun5-7, Nov 04, Conferences
Mosocow.ICIM.Aug18-23.OldSpecimensNewTechnology, Nov 04, Conferences
Smithsonian_BGI.BioGenomics.Feb21-23, Nov 01, Conferences
Switzerland.WholeGenomeSeqAnalysis.Jan15, Nov 27, WorkshopsCourses
Berlin.EukaryoticMetabarcoding.Feb20-24.2, Nov 27, WorkshopsCourses
ULeipzig.ProgrammingForEvolBiol.Mar4-20, Nov 23, WorkshopsCourses
Scotland.GeometricMorphometrics.Jun5-9, Nov 18, WorkshopsCourses
Nairobi.TraitsPastPresentFuture.Mar6-8, Nov 17, WorkshopsCourses
Berlin.DataManipulationVisualizationWithPython.Mar13-17, Nov 17, WorkshopsCourses
USheffield.PopulationGenomics.Jan16-18, Nov 16, WorkshopsCourses
Berlin.PopulationGenomics.May8-12, Nov 16, WorkshopsCourses
Weggis_Switzerland.AdaptationBioinformatics.Feb5-11, Nov 15, WorkshopsCourses
UEdinburgh.IntroductionPython.Dec12-16, Nov 15, WorkshopsCourses
Faro_Portugal.Phylogenetics.Apr24-29, Nov 15, WorkshopsCourses
England.AdvancedPythonForBiologists.Feb6-10, Nov 10, WorkshopsCourses
Berlin.QGISforBiologists.February6-10, Nov 09, WorkshopsCourses
Berlin.PYTHONforBIOLOGISTS.December5-9, Nov 09, WorkshopsCourses
MaxPlanckInst_EvolBio.Zoonoses_aDNA.Feb15-17, Nov 09, WorkshopsCourses
