Marseilles.EBM21.Sep26-29, May 30, Conferences
Austin_Texas.SMBE_2017.Jul2-6, May 27, Conferences
Frankfurt.ClimateAdaptation.Jan17-18, May 26, Conferences
Calgary.EvoDevo.Aug19-23.Deadline2, May 24, Conferences
UNotreDame.ArthropodGenomics.Jun7-11.deadline, May 24, Conferences
Bialowieza_Poland.ProgrammingForEvolBiol.Sep16-20, May 23, Conferences
Montpellier.PlantConservation.Jul16-20, May 23, Conferences
Prague.CichlidScience.Sep04-07.DeadlineJun15, May 20, Conferences
Gothenburg.BioSystEU.Aug15-18, May 19, Conferences
Calgary.EvoDevo.Aug19-23.ExtendedDeadline, May 18, Conferences
Philadelphia.Sept16-17, May 17, Conferences
Poland.EMPSEB23.Sep10-15.ExtendedDeadlineMay23, May 16, Conferences
Bogor_ID.BiodiversityHealth.Aug28-Sep01.EarlyBird, May 14, Conferences
Austin_TX.SMBE2017.Jul2-6.LateBreakingPosters, May 13, Conferences
UGothenburg.PhylogenyErrors.Aug15-18, May 13, Conferences
Zurich.PolygenicAdaptation, May 13, Conferences
Roscoff.HostParasite.Oct30-Nov3.2, May 11, Conferences
UCalgary.EvoDevo.Aug19-23.Deadline, May 11, Conferences
UEssex.GenomicsEpigeneticsAndGeneRegulation.Sep14, May 11, Conferences
Galway_Ireland.EvoDevo.2018.CallForSymposia, May 10, Conferences
UNotreDame.ArthropodGenomics.Jun7-11, May 07, Conferences
Barcelona.RECOMB-CG.Oct4-6.2ndCallForPapers, May 03, Conferences
MichiganState.MidwestPopGen.Aug4-5, May 02, Conferences
Lausanne.Statistical_Genetics.Sep4-15, May 30, WorkshopsCourses
LeedsUK.EssentialComputingSkillsForMolBiol.Jul3-5, May 30, WorkshopsCourses
Bordeaux.Holobionts.Nov6-8, May 26, WorkshopsCourses
UK.NicheModelling.Oct16-20, May 26, WorkshopsCourses
Aussois_France.SoftwarePopGen.Sep11-15, May 24, WorkshopsCourses
Finland.MathematicalEcology.Aug2018, May 24, WorkshopsCourses
Berlin.BioinformaticsWithLinux.31Jul-4Aug.deadline, May 23, WorkshopsCourses
Venice.EvoDevo.Sep18-21, May 19, WorkshopsCourses
MDIBL_Maine.EnvironmentalGenomics.Jul8-15, May 19, WorkshopsCourses
cE3c_Portugal.Biology, May 16, WorkshopsCourses
Berlin.RAD-seq.Dec4-8, May 15, WorkshopsCourses
Groningen.ESEB2017.Aug20-25.DrosophilaPopulationGenomics, May 13, WorkshopsCourses
Sicily_Italy.EnvironmentalDNAMetabarcoding.Sep3-9, May 13, WorkshopsCourses
UCambridge.SystemsBiol.Jul17-21, May 13, WorkshopsCourses
Oslo.Biosystematics.Jun12-14, May 13, WorkshopsCourses
UK.IntroToPythonForBiologists.Nov27-Dec1, May 09, WorkshopsCourses
LundU.AnimalMigration.Oct16-27, May 09, WorkshopsCourses
London.BayesianPhylodynamics.Jul24-28, May 04, WorkshopsCourses
Bari_Italy.AdvancedComputationalMetagenomics.Jun19-23, May 02, WorkshopsCourses
Berlin.TrinityRNAseq.Jun12-16.2, May 02, WorkshopsCourses
Montana.PopulationGenomicsDataAnalysis.Sep25-30, May 02, WorkshopsCourses
