Cambridge_UK.AnimalEvoDevo.Sep17-18, Jun 29, Conferences
PuertoRico.EvolBiol.Nov14-16, Jun 28, Conferences
Bialowieza_Poland.ProgrammingforEvolBiol.Sep16-20, Jun 27, Conferences
Shenzhen.1stAsiaEvoConf.Apr18-20.CallForSymposia, Jun 24, Conferences
Biddeford_Maine.GRCEvolutionaryGenomics.Jul16-21, Jun 24, Conferences
DurhamU.DiversityConservation.Sep14-15, Jun 23, Conferences
Torun_Poland.EvoLang.Apr16-19, Jun 23, Conferences
Pittsburgh.ThreeRiversEvolution.Sep9.CallForAbstracts, Jun 17, Conferences
Marseilles.21stEvolBiol.Sep26-29.FirstAcceptedAbstracts, Jun 16, Conferences
Prague.CichlidScience.Sep04-07.EXTENDEDdeadlineJun30, Jun 15, Conferences
AarhusU.ModelingGenomics.Sep18-20.Deadline, Jun 09, Conferences
Austin.SMBE_2017.Jul2-6.RegistrationAccommodation, Jun 09, Conferences
Montpellier.Galaxy.Jun26-30.RegisterByJun16, Jun 09, Conferences
Barcelona.RECOMB_CG.Oct4-6.DeadlineExtension, Jun 08, Conferences
Ecuador.HerpetologyGenomics.Jul24-28, Jun 06, Conferences
UAlmeria.Biodiversity.Sep27-30, Jun 02, Conferences
UNewEngland_Biddeford.GenomicsAdaptation.Jul16-21, Jun 02, Conferences
UGothenburg_Sweden.BioinformaticPipelines.Nov6-10, Jun 29, WorkshopsCourses
Lausanne.StatisticalGenetics.Sep4-15, Jun 28, WorkshopsCourses
Vienna.ExperimentalEvolution.Nov6-10, Jun 28, WorkshopsCourses
UK.EukaryoticMetabarcoding.Jul23-28, Jun 23, WorkshopsCourses
MountainLake.GrantWriting.Jul24-29, Jun 21, WorkshopsCourses
Berlin.StatisticsForBiologistsUsingR.Sep18-23, Jun 21, WorkshopsCourses
Poznan.Bioinformatics.Sep4-8, Jun 21, WorkshopsCourses
UK.LandscapeGenomicsUsingR.Nov6-10, Jun 21, WorkshopsCourses
Leiden.MicrobialDarwinianMedicine.Aug14-17, Jun 20, WorkshopsCourses
Berlin.EukaryoticMetabarcoding.Feb26-Mar2, Jun 16, WorkshopsCourses
Barcelona.InferenceInBiogeography.Dec11-15, Jun 13, WorkshopsCourses
FrenchGuiana.BiodiversityRemoteSensing.Sep25-29, Jun 13, WorkshopsCourses
Berlin.GenomicVisualizationsInR.Sep11-15, Jun 13, WorkshopsCourses
LeedsUK.EssentialComputingSkillsForMolBiol.Jul3-5, Jun 13, WorkshopsCourses
Mexico.SustainableAquaticDevelopment.Sep12-14, Jun 07, WorkshopsCourses
Siegen_Germany.ComputerAnimatedFishModels.Oct20-22, Jun 07, WorkshopsCourses
ThunderBay_Ontario.PracticalDNATrainingProgram, Jun 07, WorkshopsCourses
UK.BioinformaticsCourseScholarships.Jul3-7, Jun 07, WorkshopsCourses
Berlin.R.Sep-Oct, Jun 06, WorkshopsCourses
UExeter_Falmouth.ButterflyGenomics.Jul27-28, Jun 06, WorkshopsCourses
Sicily.EnvDNAMetabarcoding.Sep3-9.DeadlineExt, Jun 05, WorkshopsCourses
Berlin.LandscapeGenomics.Nov6-10, Jun 02, WorkshopsCourses
