Paris.Holobionts.Apr19-21.RegistrationExt, Jan 31, Conferences
Austin.SMBE_HostParasiteCoevoluiton.AbstractDeadline, Jan 29, Conferences
Austin.SMBE_SymbiosesAndInteractions.Jul2-6, Jan 29, Conferences
Marseilles.EBM21.Sep26-29.EarlyDeadlineTopics, Jan 27, Conferences
Austin.SMBE_Behavior.Jul2-6, Jan 27, Conferences
Austin.SMBE_EpigeneticsAndEvolution.Jul2-6, Jan 25, Conferences
Austin.SMBE_EvoSysBioOfCells.Jul3, Jan 25, Conferences
Colombia.EvoDevo.Oct9-13, Jan 24, Conferences
Hawaii.HistoryOfPacificMarineLife.May23-25, Jan 24, Conferences
UFMS_Brazil.Evol, Jan 24, Conferences
Austin.SMBE_ConvergentEvolution.Jul2-6, Jan 24, Conferences
UExeter.FishPopulations.Jul3-7, Jan 22, Conferences
Austin.SMBEIntegratingAncientAndModernDNA.Jul2-6, Jan 20, Conferences
Blossin.InsectEvolutionaryImmunity.Aug28-Sep1, Jan 20, Conferences
Barcelona.PopulationGenomics.Apr3-5, Jan 20, Conferences
Shanghai.IUFROGeneticsGenomics.Nov1-3, Jan 20, Conferences
Lund.SexHermaphrodites.Mar9-10.RegistrationOpen, Jan 19, Conferences
Edinburgh.RNApathwayEvolution.Mar10, Jan 19, Conferences
CityULondon.MathModelsEvolution.Jul10-12, Jan 19, Conferences
Paris.EvolutionSymbiosis.Mar15-17, Jan 18, Conferences
Groningen-Netherlands.EvolutionMedicineSociety.Aug18-21, Jan 18, Conferences
YosemiteNationalPark.Symbiosis.May5-7.Registration, Jan 17, Conferences
Portland.Evolution_ASN_SensoryDrive.Jun23-27, Jan 16, Conferences
Mosocow.ICIM.Aug18-23.OldSpecimensNewTechnology, Jan 16, Conferences
LundU.SwedishOikos2017.Feb7-9.RegistrationClosing, Jan 14, Conferences
Gothenburg.BioSyst_Barcoding.Aug15-18, Jan 14, Conferences
Austin.SMBE_AnnualMeeting.Jul2-6, Jan 13, Conferences
Gothenburg.BioSyst.Aug15-18, Jan 13, Conferences
Marseilles.21stEvolutionaryBiol.Sep26-29.EarlyDeadLine, Jan 12, Conferences
Portland.SSE_Speciation.Jun23-27, Jan 12, Conferences
NHM_London.EvolutionColourAndVision.Apr27, Jan 12, Conferences
Portland.SSE_MaleCompSpeciation.Jun23-27, Jan 11, Conferences
Austin_Texas.SMBE_HostParasiteCoevolution.Jul1-6, Jan 07, Conferences
Groningen.ESEB_GenomicsOfAdaptation.Aug20-25, Jan 07, Conferences
Groningen.ESEB_AgeingBiology.Aug20-25, Jan 06, Conferences
Ames_Iowa.EvolQuantGenet.Jun1-3.Registration, Jan 06, Conferences
Groningen.ESEB_CytonuclearSpeciation.Aug20-25, Jan 05, Conferences
Chize_France.EcologyBehaviour.Jun19-23, Jan 05, Conferences
Beijing.FireEcolEvol.Aug20-25, Jan 04, Conferences
Groningen.ESEB_SexualSelection.Aug20-25, Jan 04, Conferences
Portland.SSE_SexInTheWild.Jun23-27, Jan 04, Conferences
PorquerollesIsle_France.MathEvolBiol.Jun12-16.2, Jan 03, Conferences
Groningen.ESEB_GeneticExchangeMicrobesDisease.Aug20-25, Jan 03, Conferences
UMichigan.NextProf.May2-5, Jan 31, WorkshopsCourses
Konstanz.AdaptiveEpigenomics.Jul24-25, Jan 31, WorkshopsCourses
NordU_Norway.NGSOfNonModelOrganisms.May31-Jun1, Jan 30, WorkshopsCourses
UCalifornia_Davis.AppliedPhylogenetics.Mar11-18, Jan 30, WorkshopsCourses
Berlin.LinuxForBiologists.July31-Aug4, Jan 27, WorkshopsCourses
Pconos.FunctionalGenomics.May25-26, Jan 27, WorkshopsCourses
Portugal.Nature.Mar20-24, Jan 26, WorkshopsCourses
Naples.EMBOPopulationGenomics.May18-26, Jan 26, WorkshopsCourses
Hungary.EvolutionSexRoles.Apr6-9.RegistrationOpen, Jan 25, WorkshopsCourses
UK.LandscapeGeneticsAnalysisUsingR.Nov6-10, Jan 25, WorkshopsCourses
UCalifornia_Davis.AppliedPhylo.Mar11-18, Jan 24, WorkshopsCourses
UWashington.EvolQuantGenetics.Jun5-9, Jan 24, WorkshopsCourses
Paris.CoevolutionFitnessLandscapesEpistasis.Mar1-3, Jan 21, WorkshopsCourses
UCalifornia_LosAngeles.ConservationGenomics, Jan 21, WorkshopsCourses
Knoxville.SpeciesRangeShifts.May3-5, Jan 19, WorkshopsCourses
Berlin.DatavizWithPython.March13-17, Jan 19, WorkshopsCourses
UK.TwoPythonCourses.Nov27-Dec1, Jan 19, WorkshopsCourses
HarvardU.DevelopmentEvolInnovation.Mar3-5, Jan 18, WorkshopsCourses
Cameroon.UndergradTropicalConservation.Jul5-27, Jan 18, WorkshopsCourses
Hungary.SexRoleEvolution.Apr6-9, Jan 18, WorkshopsCourses
UCalifornia_Davis.Phylogenetics.Mar11-18, Jan 16, WorkshopsCourses
Berlin.DataAnalysisInHighThroughputBiology.May29-June2, Jan 14, WorkshopsCourses
NHM_London.IntroductoryMolecPylogenetics.May8-12, Jan 12, WorkshopsCourses
Berlin.Metabarcoding.Apr3-7.updated, Jan 11, WorkshopsCourses
Barcelona.MorphometricsPhylogeny.Sep11-15, Jan 10, WorkshopsCourses
UEdinburgh.4.PythonLinux.Apr10-Jul28, Jan 09, WorkshopsCourses
Lisbon.CommunityEcol.Feb13-17, Jan 09, WorkshopsCourses
MaxPlanck.GraduateMeeting_EvolBiol.Deadline_Jan15.2, Jan 07, WorkshopsCourses
MaxPlanckInst_EvolBio.GraduateMeeting_Coevolution.Deadline_Jan15, Jan 06, WorkshopsCourses
HarvardU.microMORPH.Mar3-5, Jan 06, WorkshopsCourses
NHM_London.BotanicalTaxonomicPrinciples.Mar6-10, Jan 06, WorkshopsCourses
Mantua_Italy.InsectConservation.May24-26, Jan 03, WorkshopsCourses
